Track ID,Name,Artist,Album,Genre,Total Time (ms),Date Added,Play Count,Skip Count
917,2 Heads,Coleman Hell,Coleman Hell - EP,Alternative,212427,2016-02-13 18:04:29,45.0,5.0
919,All Girls Are the Same,Juice WRLD,Goodbye & Good Riddance,Hip-Hop/Rap,165820,2019-03-10 20:02:41,61.0,
921,Lucid Dreams,Juice WRLD,Goodbye & Good Riddance,Hip-Hop/Rap,239836,2019-03-10 20:02:41,16.0,1.0
923,Lean Wit Me,Juice WRLD,Goodbye & Good Riddance,Hip-Hop/Rap,175755,2019-03-10 20:02:41,19.0,
925,Scared Of Love,Juice WRLD,Goodbye & Good Riddance,Hip-Hop/Rap,170539,2019-03-10 20:02:41,17.0,3.0
927,Hurt Me,Juice WRLD,Goodbye & Good Riddance,Hip-Hop/Rap,122285,2019-03-10 20:02:41,19.0,2.0
929,Black & White,Juice WRLD,Goodbye & Good Riddance,Hip-Hop/Rap,186945,2019-03-10 11:02:41,14.0,3.0
931,Paranoid,Post Malone,beerbongs & bentleys,Hip-Hop/Rap,221781,2019-03-10 20:08:55,25.0,
933,Rich & Sad,Post Malone,beerbongs & bentleys,Hip-Hop/Rap,206460,2019-03-10 20:08:55,22.0,1.0
935,rockstar (feat. 21 Savage),Post Malone,beerbongs & bentleys,Hip-Hop/Rap,218146,2019-03-10 11:08:55,10.0,2.0
937,Psycho (feat. Ty Dolla $ign),Post Malone,beerbongs & bentleys,Hip-Hop/Rap,221446,2019-03-10 20:08:55,14.0,1.0
939,Otherside,Post Malone,beerbongs & bentleys,Hip-Hop/Rap,228221,2019-03-10 20:08:55,10.0,4.0
941,Stay,Post Malone,beerbongs & bentleys,Hip-Hop/Rap,204431,2019-03-10 20:08:55,10.0,4.0
943,Candy Paint,Post Malone,beerbongs & bentleys,Hip-Hop/Rap,227537,2019-03-10 11:08:55,19.0,2.0
945,Wow.,Post Malone,Wow. - Single,Hip-Hop/Rap,149501,2019-03-10 11:14:58,18.0,6.0
947,High For This (Original),The Weeknd,House of Balloons (Original),R&B/Soul,249102,2019-03-10 20:23:21,42.0,5.0
949,House of Balloons / Glass Table Girls (Original),The Weeknd,House of Balloons (Original),R&B/Soul,407316,2019-03-10 20:23:21,5.0,2.0
951,Sunflower (Spider-Man: Into the Spider-Verse),Post Malone & Swae Lee,Spider-Man: Into the Spider-Verse (Soundtrack From & Inspired by the Motion Picture),Hip-Hop/Rap,158040,2019-03-10 11:32:16,60.0,1.0
953,Familia (feat. Bantu) [Spider-Man: Into the Spider-Verse],Nicki Minaj & Anuel AA,Spider-Man: Into the Spider-Verse (Soundtrack From & Inspired by the Motion Picture),Soundtrack,174884,2019-03-10 20:33:22,22.0,1.0
955,Starboy (feat. Daft Punk),The Weeknd,Starboy,R&B/Soul,230461,2019-03-10 21:10:02,27.0,1.0
957,Reminder,The Weeknd,Starboy,R&B/Soul,218879,2019-03-10 21:10:02,21.0,2.0
959,Secrets,The Weeknd,Starboy,R&B/Soul,265607,2019-03-10 12:10:02,40.0,
961,Die For You,The Weeknd,Starboy,R&B/Soul,260256,2019-03-10 21:10:02,11.0,2.0
963,Moonlight,XXXTENTACION,?,Pop,135090,2019-03-10 13:10:06,39.0,3.0
965,SAD!,XXXTENTACION,?,Pop,166606,2019-03-10 13:10:06,43.0,1.0
967,NUMB,XXXTENTACION,?,Pop,186268,2019-03-10 22:10:06,28.0,
969,going down!,XXXTENTACION,?,Pop,115194,2019-03-10 22:10:06,15.0,6.0
971,changes,XXXTENTACION,?,Pop,121887,2019-03-10 22:10:06,26.0,2.0
973,Arms Around You (feat. Maluma & Swae Lee),XXXTENTACION & Lil Pump,Arms Around You (feat. Maluma & Swae Lee) - Single,Hip-Hop/Rap,198903,2019-03-10 22:12:50,22.0,4.0
975,One Dance (feat. Wizkid & Kyla),Drake,Views,Hip-Hop/Rap,173985,2019-03-10 22:16:41,30.0,1.0
977,Last Hurrah,Bebe Rexha,Last Hurrah - Single,Pop,150333,2019-03-10 23:29:11,67.0,3.0
979,Numb,LINKIN PARK,Meteora,Hard Rock,187508,2019-03-10 23:31:44,40.0,3.0
981,whoa (mind in awe),XXXTENTACION,SKINS,Pop,157777,2019-03-11 03:39:14,40.0,1.0
983,BAD!,XXXTENTACION,SKINS,Pop,94246,2019-03-11 03:39:27,28.0,3.0
985,I don’t let go,XXXTENTACION,SKINS,Pop,121630,2019-03-11 03:39:27,25.0,1.0
987,NO BYSTANDERS,Travis Scott,ASTROWORLD,Hip-Hop/Rap,218283,2019-03-11 23:28:16,57.0,3.0
989,SKELETONS,Travis Scott,ASTROWORLD,Hip-Hop/Rap,145588,2019-03-11 23:28:16,24.0,4.0
991,WAKE UP,Travis Scott,ASTROWORLD,Hip-Hop/Rap,231964,2019-03-11 23:28:16,28.0,3.0
993,5% TINT,Travis Scott,ASTROWORLD,Hip-Hop/Rap,196138,2019-03-11 23:28:16,25.0,5.0
995,NC-17,Travis Scott,ASTROWORLD,Hip-Hop/Rap,156886,2019-03-11 14:28:16,20.0,4.0
997,YOSEMITE,Travis Scott,ASTROWORLD,Hip-Hop/Rap,150043,2019-03-11 23:28:16,114.0,2.0
999,CAN'T SAY,Travis Scott,ASTROWORLD,Hip-Hop/Rap,198408,2019-03-11 23:28:16,64.0,4.0
1001,WHO? WHAT!,Travis Scott,ASTROWORLD,Hip-Hop/Rap,176720,2019-03-11 23:28:16,60.0,2.0
1003,BUTTERFLY EFFECT,Travis Scott,ASTROWORLD,Hip-Hop/Rap,190557,2019-03-11 14:28:16,48.0,2.0
1005,HOUSTONFORNICATION,Travis Scott,ASTROWORLD,Hip-Hop/Rap,217828,2019-03-11 23:28:16,29.0,4.0
1007,Congratulations (feat. Quavo),Post Malone,Stoney (Deluxe),Hip-Hop/Rap,220285,2019-03-13 13:44:55,23.0,2.0
1009,Go Flex,Post Malone,Stoney (Deluxe),Hip-Hop/Rap,179603,2019-03-13 13:44:58,27.0,2.0
1011,I Fall Apart,Post Malone,Stoney (Deluxe),Hip-Hop/Rap,223350,2019-03-13 13:45:00,39.0,3.0
1013,White Iverson,Post Malone,Stoney (Deluxe),Hip-Hop/Rap,256532,2019-03-13 13:45:02,18.0,1.0
1015,All Out of Love,Air Supply,Deadpool 2 (Super Duper Cut) [Original Motion Picture Soundtrack],Pop,243533,2019-03-15 21:25:27,44.0,2.0
1017,Take On Me (MTV Unplugged),a-ha,MTV Unplugged - Summer Solstice,Pop,253907,2019-03-15 12:26:02,15.0,6.0
1019,Pure Water,Mustard & Migos,Pure Water - Single,Hip-Hop/Rap,194520,2019-03-16 02:05:36,11.0,4.0
1021,Unforgettable (feat. Swae Lee),French Montana,Jungle Rules,Hip-Hop/Rap,233902,2019-03-16 05:29:46,18.0,
1023,Power,Kanye West,My Beautiful Dark Twisted Fantasy (Deluxe Edition),Hip-Hop/Rap,292093,2019-03-16 05:30:36,6.0,3.0
1025,Silence (feat. Khalid),Marshmello,Silence (feat. Khalid) - Single,Dance,180823,2019-03-16 05:30:43,22.0,1.0
1027,Love Lockdown,Kanye West,808s & Heartbreak,Hip-Hop/Rap,270307,2019-03-16 05:34:46,37.0,
1029,Heartless,Kanye West,808s & Heartbreak,Hip-Hop/Rap,211000,2019-03-16 05:34:54,64.0,1.0
1031,Close to Me,"Ellie Goulding, Diplo & Swae Lee",Close to Me - Single,Pop,182623,2019-03-16 05:36:17,27.0,1.0
1033,Without Me,Halsey,Manic,Alternative,201661,2019-03-16 05:37:06,21.0,2.0
1035,Real Friends,Kanye West,The Life of Pablo,Hip-Hop/Rap,251573,2019-03-20 05:29:11,9.0,10.0
1037,The Monster (feat. Rihanna),Eminem,The Marshall Mathers LP2,Hip-Hop/Rap,250189,2019-03-21 08:32:37,28.0,1.0
1039,Love the Way You Lie,Eminem,Recovery,Hip-Hop/Rap,263373,2019-03-21 08:32:57,40.0,1.0
1041,Sweet but Psycho,Ava Max,Sweet but Psycho - Single,Pop,187436,2019-03-20 23:33:52,35.0,2.0
1043,River (feat. Ed Sheeran),Eminem,Revival,Hip-Hop/Rap,221013,2019-03-24 05:31:40,26.0,2.0
1045,Dark Times (feat. Ed Sheeran),The Weeknd,Beauty Behind the Madness,R&B/Soul,260641,2019-03-24 05:34:17,13.0,4.0
1047,Real Life,The Weeknd,Beauty Behind the Madness,R&B/Soul,223348,2019-03-24 05:35:46,36.0,5.0
1049,Losers (feat. Labrinth),The Weeknd,Beauty Behind the Madness,R&B/Soul,281184,2019-03-24 05:35:46,17.0,4.0
1051,Often,The Weeknd,Beauty Behind the Madness,R&B/Soul,249109,2019-03-24 05:35:46,20.0,3.0
1053,The Hills,The Weeknd,Beauty Behind the Madness,R&B/Soul,242291,2019-03-23 20:35:46,19.0,1.0
1055,Angel,The Weeknd,Beauty Behind the Madness,R&B/Soul,377349,2019-03-24 05:35:46,12.0,
1057,Go Fuck Yourself,Two Feet,First Steps - EP,Alternative,129600,2019-03-30 04:21:59,38.0,3.0
1059,Stereo Hearts (feat. Adam Levine),Gym Class Heroes,The Papercut Chronicles II,Pop,210960,2019-04-04 03:23:18,45.0,1.0
1061,Cupid's Chokehold (Featuring Patrick Stump) [Radio Mix],Gym Class Heroes,Cupid's Chokehold - Single (feat. Patrick Stump),Rock,237173,2019-04-04 03:23:23,41.0,1.0
1063,Cookie Jar (feat. The-Dream),Gym Class Heroes,Patches from the Quilt - EP,Hip-Hop/Rap,216317,2019-04-04 03:23:52,28.0,2.0
1065,Gunz N Butter (feat. Juicy J),A$AP Rocky,TESTING,Hip-Hop/Rap,213576,2019-04-05 17:38:08,73.0,3.0
1067,I,Lil Skies,Shelby,Hip-Hop/Rap,181891,2019-04-06 04:39:33,41.0,2.0
1069,I Like Girls (feat. Lil Skies),PnB Rock,I Like Girls (feat. Lil Skies) - Single,Hip-Hop/Rap,155093,2019-04-05 19:43:39,65.0,3.0
1071,Name in the Sand,Lil Skies,Name in the Sand - Single,Hip-Hop/Rap,168751,2019-04-06 04:48:48,149.0,
1073,Cloudy Skies,Lil Skies,Life of a Dark Rose,Hip-Hop/Rap,193108,2019-04-06 04:51:00,94.0,
1075,Red Roses (feat. Landon Cube),Lil Skies,Life of a Dark Rose,Hip-Hop/Rap,262544,2019-04-08 19:31:46,58.0,7.0
1077,Lust,Lil Skies,Life of a Dark Rose,Hip-Hop/Rap,156000,2019-04-09 04:34:47,60.0,6.0
1079,Welcome to the Rodeo,Lil Skies,Life of a Dark Rose,Hip-Hop/Rap,169412,2019-04-09 04:39:23,125.0,2.0
1081,Old Town Road,Lil Nas X,Old Town Road - Single,Hip-Hop/Rap,113013,2019-04-19 22:42:25,47.0,1.0
1083,Never Tear Us Apart,INXS,The Very Best,Rock,183960,2019-04-24 03:14:16,15.0,4.0
1085,Real Ties,Lil Skies,Real Ties - Single,Hip-Hop/Rap,142669,2019-04-26 04:55:04,109.0,2.0
1087,Gangsta's Paradise (feat. L.V.),Coolio,Gangsta's Paradise (25th Anniversary - Remastered),Hip-Hop/Rap,241013,2019-04-26 05:57:50,22.0,2.0
1089,The Wild Boys,Duran Duran,Greatest,Rock,257600,2019-04-26 06:00:15,27.0,3.0
1091,Every Breath You Take,The Police,The Police,Rock,254213,2019-04-26 06:01:42,11.0,3.0
1093,Fly Me to the Moon (feat. Count Basie & His Orchestra) [Remastered],Frank Sinatra,Nothing but the Best (Remastered),Jazz,147520,2019-04-26 06:02:17,15.0,2.0
1095,Down Under,Men At Work,80s 100 Hits,Pop,218923,2019-04-26 06:04:19,52.0,
1097,Africa,Toto,Toto IV,Rock,295283,2019-04-26 06:05:04,11.0,2.0
1099,Rock With You,Michael Jackson,Off the Wall,Pop,219926,2019-04-26 06:05:58,12.0,5.0
1101,Enjoy the Silence,Depeche Mode,Violator (Deluxe),Pop,372827,2019-04-26 06:09:07,10.0,1.0
1103,How to Save a Life (Single Mix),The Fray,Pure... 2000s Party,Pop,239667,2019-04-26 06:11:09,26.0,1.0
1105,Drops of Jupiter (Tell Me),Train,Drops of Jupiter,Rock,259933,2019-04-29 00:07:10,43.0,4.0
1107,"What Is Love (7"" Mix)",Haddaway,What Is Love - EP,Pop,270373,2019-05-04 01:50:03,22.0,4.0
1109,Man In the Mirror,Michael Jackson,The Essential Michael Jackson,Pop,320905,2019-05-04 03:59:00,15.0,1.0
1111,Smooth Criminal,Michael Jackson,The Essential Michael Jackson,Pop,258635,2019-05-04 03:59:06,11.0,1.0
1113,The Way You Make Me Feel,Michael Jackson,Number Ones,Pop,299138,2019-05-04 04:04:17,18.0,2.0
1115,Dirty Diana,Michael Jackson,Bad (25th Anniversary Edition),Pop,280753,2019-05-03 19:05:00,5.0,1.0
1117,Mockingbird,Eminem,Curtain Call: The Hits,Hip-Hop/Rap,251267,2019-05-04 04:29:23,56.0,4.0
1119,When I'm Gone,Eminem,Curtain Call: The Hits,Hip-Hop/Rap,281133,2019-05-04 04:29:28,19.0,11.0
1121,Cleanin' Out My Closet,Eminem,Curtain Call: The Hits,Hip-Hop/Rap,298960,2019-05-03 19:30:21,30.0,3.0
1123,Gold Digger (feat. Jamie Foxx) [Explicit],Kanye West,Tipps der Redaktion - Titel,Hip-Hop/Rap,207627,2019-05-04 10:59:40,24.0,2.0
1125,Numb / Encore,JAY-Z & LINKIN PARK,Collision Course - EP,Hard Rock,205280,2019-05-04 20:00:07,25.0,4.0
1127,Taste (feat. Offset),Tyga,Taste (feat. Offset) - Single,Hip-Hop/Rap,232959,2019-05-04 20:15:12,22.0,4.0
1129,Mirrors,Justin Timberlake,The 20/20 Experience (Deluxe Version),Pop,485598,2019-05-04 23:12:44,20.0,1.0
1131,Shallow,Lady Gaga & Bradley Cooper,A Star Is Born Soundtrack,Soundtrack,215737,2019-05-05 01:41:04,40.0,5.0
1133,Cold (feat. Future),Maroon 5,Cold (feat. Future) - Single,Pop,234308,2019-05-06 02:17:41,24.0,
1135,In the Air Tonight,Phil Collins,Face Value (Deluxe Edition),Rock,335613,2019-05-05 17:31:04,14.0,3.0
1137,How You Remind Me,Nickelback,Silver Side Up,Rock,223840,2019-05-06 02:33:15,25.0,1.0
1139,Don't Wanna Know (feat. Kendrick Lamar),Maroon 5,Red Pill Blues (Deluxe),Pop,214265,2019-05-06 02:46:35,7.0,2.0
1141,She Will Be Loved,Maroon 5,Songs About Jane,Vocal,258469,2019-05-06 02:46:37,13.0,1.0
1143,Wait,Maroon 5,Red Pill Blues (Deluxe),Pop,190643,2019-05-06 02:46:40,12.0,5.0
1145,Rockstar,Nickelback,"The Best of Nickelback, Vol. 1",Rock,255640,2019-05-06 03:23:43,17.0,5.0
1147,Photograph,Nickelback,"The Best of Nickelback, Vol. 1",Rock,259867,2019-05-06 03:23:45,13.0,3.0
1149,If Today Was Your Last Day,Nickelback,"The Best of Nickelback, Vol. 1",Rock,248133,2019-05-06 03:23:49,27.0,4.0
1151,Far Away,Nickelback,"The Best of Nickelback, Vol. 1",Rock,238653,2019-05-05 18:23:54,17.0,3.0
1153,Gotta Be Somebody,Nickelback,"The Best of Nickelback, Vol. 1",Rock,252760,2019-05-06 03:23:57,25.0,1.0
1155,Homicide (feat. Eminem),Logic,Confessions of a Dangerous Mind,Hip-Hop/Rap,245391,2019-05-07 03:27:20,7.0,4.0
1157,Stolen Dance,Milky Chance,Sadnecessary,Alternative,313684,2019-05-11 00:21:33,39.0,
1159,Lucky You (feat. Joyner Lucas),Eminem,Kamikaze,Hip-Hop/Rap,244680,2019-05-14 02:29:32,6.0,3.0
1161,Lose Yourself,Eminem,Curtain Call: The Hits,Hip-Hop/Rap,326467,2019-05-14 02:29:36,15.0,1.0
1163,Talk,Khalid,Talk - Single,R&B/Soul,197487,2019-05-24 02:01:46,18.0,2.0
1165,Be Alright,Dean Lewis,Be Alright - Single,Singer/Songwriter,196373,2019-05-24 22:36:17,66.0,4.0
1167,Waves,Dean Lewis,Waves - Single,Rock,241292,2019-05-24 22:36:28,56.0,3.0
1169,Someone You Loved,Lewis Capaldi,Breach - EP,Alternative,182161,2019-05-29 23:37:02,59.0,5.0
1171,I Like Me Better,Lauv,I met you when I was 18. (the playlist),Pop,197437,2019-05-30 13:39:21,19.0,
1173,There's No Way (feat. Julia Michaels),Lauv,There's No Way (feat. Julia Michaels) - Single,Pop,174861,2019-05-30 22:39:52,32.0,4.0
1175,Hymn for the Weekend,Coldplay,A Head Full of Dreams,Alternative,258827,2019-06-03 16:15:29,74.0,2.0
1177,X Gon' Give It To Ya,DMX,Hip Hop Workout,Hip-Hop/Rap,219040,2019-06-03 13:39:26,35.0,2.0
1179,Mask Off,Future,FUTURE,Hip-Hop/Rap,204600,2019-06-03 17:03:20,27.0,5.0
1181,Eastside,"benny blanco, Halsey & Khalid",FRIENDS KEEP SECRETS,Pop,170770,2019-07-03 00:53:36,23.0,
1183,Dusk Till Dawn (feat. Sia),ZAYN,Dusk Till Dawn (Radio Edit) [feat. Sia] - Single,Pop,239000,2019-07-08 10:19:12,36.0,2.0
1185,FRIENDS,Marshmello & Anne-Marie,FRIENDS - Single,Pop,202621,2019-07-08 10:41:31,20.0,1.0
1187,Goodbyes (feat. Young Thug),Post Malone,Goodbyes (feat. Young Thug) - Single,Hip-Hop/Rap,174947,2019-07-08 10:49:00,60.0,6.0
1189,Hate Me,Ellie Goulding & Juice WRLD,Hate Me - Single,Pop,186223,2019-07-17 01:32:45,64.0,1.0
1191,Money In The Grave (feat. Rick Ross),Drake,The Best In The World Pack - Single,Hip-Hop/Rap,205369,2019-07-18 03:34:32,58.0,
1193,Pray 4 Love (feat. The Weeknd),Travis Scott,Rodeo,Rap,307004,2019-07-24 14:30:48,20.0,3.0
1195,Truly Madly Deeply,Savage Garden,Savage Garden,Pop,277194,2019-07-25 05:32:01,58.0,
1197,Ransom,Lil Tecca,Ransom - Single,Hip-Hop/Rap,131248,2019-07-25 21:34:58,81.0,2.0
1199,Did It Again,Lil Tecca,Crunch Time - EP,Hip-Hop/Rap,116240,2019-07-27 22:00:02,60.0,2.0
1201,Caroline,Aminé,Good For You,Hip-Hop/Rap,209641,2019-07-28 16:57:38,80.0,3.0
1203,Ride It,Regard,Ride It - Single,Dance,157606,2019-07-30 03:44:04,66.0,2.0
1205,The Bare Necessities,Phil Harris & Bruce Reitherman,The Jungle Book (Original Soundtrack),Musicals,291467,2019-08-05 01:29:42,21.0,1.0
1207,I Wan'na Be Like You (The Monkey Song),"Louis Prima, Phil Harris & Bruce Reitherman",The Jungle Book (Original Soundtrack),Musicals,279453,2019-08-04 16:29:42,39.0,2.0
1209,Trust Issues,Drake,Care Package,Hip-Hop/Rap,281519,2019-08-04 19:35:46,51.0,3.0
1211,Friends Never Say Goodbye,Elton John,The Road to El Dorado (Original Motion Picture Soundtrack),Soundtrack,260707,2019-08-05 05:08:09,30.0,3.0
1213,The Trail We Blaze,Elton John,The Road to El Dorado (Original Motion Picture Soundtrack),Soundtrack,233800,2019-08-05 05:08:18,45.0,6.0
1215,It's Tough to Be a God,Elton John & Randy Newman,The Road to El Dorado (Original Motion Picture Soundtrack),Soundtrack,229560,2019-08-05 05:08:45,75.0,
1217,through the late night,Travis Scott,Birds In The Trap Sing McKnight,Hip-Hop/Rap,286236,2019-08-06 18:46:17,62.0,2.0
1219,Walk,Comethazine,Bawskee,Hip-Hop/Rap,96064,2019-08-08 23:33:03,52.0,7.0
1221,MIDDLE CHILD,PnB Rock & XXXTENTACION,TrapStar Turnt PopStar,Hip-Hop/Rap,151574,2019-08-09 04:21:39,51.0,1.0
1223,Гюрза (Instrumental Version),LIRANOV,Гюрза (Instrumental Version) - Single,Dance,213824,2019-08-14 23:09:40,32.0,2.0
1225,Put Your Head on My Shoulder,Paul Anka,Sings His Favorites,Pop,155083,2019-08-16 01:04:33,24.0,9.0
1227,Shotta Flow (feat. Blueface) [Remix],NLE Choppa,Shotta Flow Series,Hip-Hop/Rap,176632,2019-08-17 01:44:57,43.0,3.0
1229,Bad Liar,Imagine Dragons,Origins (Deluxe Edition),Alternative,260770,2019-08-23 01:40:15,36.0,2.0
1231,The London (feat. J. Cole & Travis Scott),Young Thug,The London (feat. J. Cole & Travis Scott) - Single,Hip-Hop/Rap,200107,2019-08-23 23:47:30,14.0,4.0
1233,Rap God,Eminem,The Marshall Mathers LP2 (Deluxe),Hip-Hop/Rap,363521,2019-08-27 00:07:26,20.0,4.0
1235,Hot (feat. Gunna),Young Thug,So Much Fun,Hip-Hop/Rap,193027,2019-08-28 23:39:29,25.0,2.0
1237,Bad Bad Bad (feat. Lil Baby),Young Thug,So Much Fun,Hip-Hop/Rap,149040,2019-08-28 23:39:36,40.0,3.0
1239,Señorita,Shawn Mendes & Camila Cabello,Señorita - Single,Pop,190950,2019-09-02 01:50:13,44.0,4.0
1241,Demons,Imagine Dragons,Night Visions,Alternative,177507,2019-09-02 02:05:50,35.0,5.0
1243,Ransom (Remix),Lil Tecca & Juice WRLD,Ransom (Remix) - Single,Hip-Hop/Rap,171179,2019-09-05 02:55:30,12.0,3.0
1245,Brothers (feat. Luh Kel),Bankrol Hayden,Brothers (feat. Luh Kel) - Single,Hip-Hop/Rap,134380,2019-09-04 19:04:56,12.0,3.0
1247,I'm Gonna Be,Post Malone,Hollywood's Bleeding,Hip-Hop/Rap,200680,2019-09-07 05:50:18,28.0,3.0
1249,On the Road (feat. Meek Mill & Lil Baby),Post Malone,Hollywood's Bleeding,Hip-Hop/Rap,218317,2019-09-07 05:50:18,65.0,1.0
1251,Die For Me (feat. Future & Halsey),Post Malone,Hollywood's Bleeding,Hip-Hop/Rap,245268,2019-09-07 05:50:18,54.0,5.0
1253,Circles,Post Malone,Hollywood's Bleeding,Hip-Hop/Rap,215277,2019-09-07 05:50:18,137.0,6.0
1255,Internet,Post Malone,Hollywood's Bleeding,Hip-Hop/Rap,123390,2019-09-07 05:50:18,11.0,3.0
1257,Sunflower (Spider-Man: Into the Spider-Verse),Post Malone & Swae Lee,Hollywood's Bleeding,Hip-Hop/Rap,157559,2019-09-07 05:50:18,32.0,
1259,Staring at the Sun (feat. SZA),Post Malone,Hollywood's Bleeding,Hip-Hop/Rap,168276,2019-09-07 05:50:18,12.0,6.0
1261,Take What You Want (feat. Ozzy Osbourne & Travis Scott),Post Malone,Hollywood's Bleeding,Hip-Hop/Rap,229580,2019-09-06 20:50:18,35.0,5.0
1263,Hollywood's Bleeding,Post Malone,Hollywood's Bleeding,Hip-Hop/Rap,156265,2019-09-07 05:50:18,67.0,3.0
1265,I Know,Post Malone,Hollywood's Bleeding,Hip-Hop/Rap,141441,2019-09-07 05:50:18,3.0,5.0
1267,Saint-Tropez,Post Malone,Hollywood's Bleeding,Hip-Hop/Rap,150865,2019-09-07 05:50:18,47.0,2.0
1269,Myself,Post Malone,Hollywood's Bleeding,Hip-Hop/Rap,158123,2019-09-07 05:50:18,7.0,5.0
1271,Goodbyes (feat. Young Thug),Post Malone,Hollywood's Bleeding,Hip-Hop/Rap,174843,2019-09-07 05:50:18,19.0,4.0
1273,A Thousand Bad Times,Post Malone,Hollywood's Bleeding,Hip-Hop/Rap,221183,2019-09-06 20:50:18,26.0,
1275,Allergic,Post Malone,Hollywood's Bleeding,Hip-Hop/Rap,156891,2019-09-07 05:50:18,55.0,2.0
1277,Enemies (feat. DaBaby),Post Malone,Hollywood's Bleeding,Hip-Hop/Rap,196760,2019-09-07 05:50:18,27.0,8.0
1279,Wow.,Post Malone,Hollywood's Bleeding,Hip-Hop/Rap,149507,2019-09-07 05:50:18,5.0,3.0
1281,Po'ed Up (feat. Gunna),Paris Shadows,Po'ed Up (feat. Gunna) - Single,Hip-Hop/Rap,163907,2019-09-08 12:42:02,116.0,3.0
1283,Circles,Post Malone,,Hip-Hop/Rap,226323,2019-09-13 03:39:06,3.0,
1285,Creeping (feat. Rich the Kid),Lil Skies,Creeping (feat. Rich the Kid) - Single,Hip-Hop/Rap,179831,2019-09-16 15:33:33,74.0,2.0
1287,Behind Barz (Bonus),Drake,Top Boy (A Selection of Music Inspired by the Series),Soundtrack,163121,2019-09-21 06:02:22,83.0,4.0
1289,She Wolf,Shakira,She Wolf (Deluxe Version),Pop,228645,2019-09-22 06:10:58,2.0,
1291,HIGHEST IN THE ROOM,Travis Scott,HIGHEST IN THE ROOM - Single,Hip-Hop/Rap,175721,2019-10-04 23:45:21,94.0,2.0
1293,HIGHEST IN THE ROOM,Travis Scott,,Hip-Hop/Rap,177150,2019-10-05 23:17:36,1.0,
1295,Camelot,NLE Choppa,Top Shotta,Hip-Hop/Rap,148759,2019-10-07 01:28:48,38.0,2.0
1297,ZEZE (feat. Travis Scott & Offset),Kodak Black,ZEZE (feat. Travis Scott & Offset) - Single,Hip-Hop/Rap,228654,2019-10-08 04:02:13,12.0,3.0
1299,Everybody Dies In Their Nightmares,XXXTENTACION,17,Hip-Hop/Rap,95467,2019-10-08 04:17:22,54.0,4.0
1301,The Real Slim Shady,Eminem,The Marshall Mathers LP,Hip-Hop/Rap,284200,2019-10-13 19:48:22,20.0,1.0
1303,It Wasn't Me (feat. Ricardo Ducent),Shaggy,Hot Shot,Pop,227600,2019-10-23 12:12:30,19.0,6.0
1305,Magic,Lil Skies,Magic - Single,Hip-Hop/Rap,182338,2019-10-25 19:32:05,18.0,2.0
1307,Follow God,Kanye West,JESUS IS KING,Hip-Hop/Rap,104591,2019-10-26 01:50:03,39.0,
1309,Carrie (feat. Lil Skies),Landon Cube,Carrie (feat. Lil Skies) - Single,Hip-Hop/Rap,181814,2019-11-01 00:18:33,5.0,2.0
1311,With or Without You,U2,The Joshua Tree,Rock,295516,2019-11-05 13:25:37,11.0,2.0
1313,La Seine and I,Vanessa Paradis & Sean Ono Lennon,A Monster In Paris,Soundtrack,168133,2019-11-21 00:41:48,32.0,3.0
1315,Heartless,The Weeknd,After Hours (Deluxe),R&B/Soul,198267,2019-11-29 02:08:13,17.0,5.0
1317,Panda,Desiigner,Panda - Single,Hip-Hop/Rap,247867,2019-12-07 22:04:18,15.0,6.0
1319,Sign of the Times,Harry Styles,Harry Styles,Pop,340707,2019-12-15 05:45:27,21.0,3.0
1321,Yellow Hearts,Ant Saunders,Yellow Hearts - Single,Pop,223258,2019-12-22 01:04:05,29.0,1.0
1323,Own It (feat. Ed Sheeran & Burna Boy),Stormzy,Heavy Is The Head,Hip-Hop/Rap,216707,2019-12-22 06:55:50,22.0,4.0
1325,Audacity (feat. Headie One),Stormzy,Heavy Is The Head,Hip-Hop/Rap,245920,2019-12-22 06:56:48,26.0,1.0
1327,Blinding Lights,The Weeknd,Blinding Lights - Single,R&B/Soul,201570,2019-12-23 08:40:33,60.0,3.0
1329,MIDDLE CHILD,J. Cole,MIDDLE CHILD - Single,Hip-Hop/Rap,213594,2019-12-23 08:47:52,6.0,2.0
1331,Nowadays (feat. Landon Cube),Lil Skies,Life of a Dark Rose,Hip-Hop/Rap,203908,2019-12-23 08:49:35,14.0,1.0
1333,Going Off,Lil Skies,Going Off - Single,Hip-Hop/Rap,173254,2019-12-23 08:51:44,22.0,1.0
1335,More Money More Ice,Lil Skies,More Money More Ice - Single,Hip-Hop/Rap,167943,2019-12-23 08:53:47,25.0,1.0
1337,Falling,Trevor Daniel,Nicotine,Pop,159382,2019-12-28 23:15:43,41.0,4.0
1339,Cradles,Sub Urban,Cradles - Single,Alternative,209829,2019-12-30 04:41:55,26.0,4.0
1341,Breezeblocks,alt-J,An Awesome Wave (Deluxe Version),Alternative,227084,2019-12-30 16:07:00,24.0,10.0
1343,Nightmare,Halsey,,Alternative,243177,2020-01-06 03:38:05,1.0,
1345,Adore You,Harry Styles,Fine Line,Pop,207140,2020-01-07 03:58:23,25.0,1.0
1347,Seve (Radio Edit),Tez Cadey,Seve (Radio Edit) - Single,Dance,210853,2020-01-13 02:48:05,26.0,1.0
1349,ROXANNE,Arizona Zervas,ROXANNE - Single,Hip-Hop/Rap,163636,2020-01-14 04:40:52,39.0,2.0
1351,"Baby, I Love Your Way",Big Mountain,Unity,Rock,249520,2020-01-14 04:41:07,20.0,5.0
1353,GOODMORNINGTOKYO!,TOKYO'S REVENGE,MDNGHT (SIDE B) - EP,Hip-Hop/Rap,150115,2020-01-15 23:19:59,34.0,1.0
1355,Robbery,Juice WRLD,Death Race for Love,Hip-Hop/Rap,240051,2020-01-16 23:12:36,21.0,2.0
1357,Wish (feat. Trippie Redd) [Trippie Mix],Diplo,LIFE'S A TRIP,Hip-Hop/Rap,176874,2020-01-20 19:25:38,34.0,4.0
1359,Good News,Mac Miller,Circles,Hip-Hop/Rap,342040,2020-01-22 06:38:56,28.0,3.0
1361,Name in the Sand,Lil Skies,,Hip-Hop/Rap,196713,2020-01-24 05:04:07,,
1363,hot girl bummer,blackbear,everything means nothing,Pop,188344,2020-01-25 07:10:14,36.0,3.0
1365,Something for Your M.I.N.D.,Superorganism,Something for Your M.I.N.D. - Single,Alternative,164230,2020-01-26 07:20:19,28.0,2.0
1367,Hold On,Lil Tjay,Hold On - Single,Hip-Hop/Rap,189474,2020-01-27 05:10:35,28.0,
1369,Dissolve,Absofacto,Thousand Peaces - EP,Alternative,224661,2020-01-30 19:59:56,40.0,
1371,No Idea,Don Toliver,No Idea - Single,Hip-Hop/Rap,154424,2020-02-05 06:16:55,26.0,1.0
1373,Only Human,Jonas Brothers,Happiness Begins,Pop,183006,2020-02-05 06:20:05,24.0,4.0
1375,My Oh My (feat. DaBaby),Camila Cabello,Romance,Pop,171375,2020-02-05 06:21:12,22.0,2.0
1377,Eleven,Khalid,Eleven - Single,R&B/Soul,206361,2020-02-05 06:21:52,28.0,2.0
1379,Let Me,Matthew Mole,Ghost,Pop,229562,2020-02-05 06:22:22,42.0,5.0
1381,"Whenever, Wherever",Shakira,Laundry Service,Pop Latino,196160,2020-02-12 03:41:13,45.0,6.0
1383,Zen Mode,Torin Borrowdale,Alto's Adventure (Original Game Soundtrack) - Single,Soundtrack,448125,2020-02-15 00:28:31,37.0,2.0
1385,Release of Rain,Tom E Morrison,Simply Meditation,New Age,492573,2020-02-15 08:03:20,61.0,6.0
1387,death bed (feat. beabadoobee) [coffee for your head],Powfu,death bed (feat. beabadoobee) [coffee for your head] - Single,Hip-Hop/Rap,173333,2020-02-19 01:44:54,29.0,4.0
1389,I'm a Mess,Bebe Rexha,Expectations,Pop,195519,2020-02-19 11:07:18,32.0,3.0
1391,Come Get Her,Rae Sremmurd,SremmLife,Hip-Hop/Rap,212947,2020-02-20 06:27:10,18.0,2.0
1393,Yes Indeed,Lil Baby & Drake,Harder Than Ever,Hip-Hop/Rap,142273,2020-02-22 22:39:45,22.0,4.0
1395,Life Is Good (feat. Drake),Future,Life Is Good (feat. Drake) - Single,Hip-Hop/Rap,237735,2020-02-27 08:28:12,18.0,1.0
1397,ROXANNE (Remix),Arizona Zervas & Swae Lee,ROXANNE (Remix) - Single,Hip-Hop/Rap,174549,2020-02-27 08:33:59,24.0,
1399,YES! (feat. Rich The Kid & K CAMP),KYLE,YES! (feat. Rich The Kid & K CAMP) - Single,Hip-Hop/Rap,195397,2020-02-27 08:36:23,26.0,
1401,goosebumps,Travis Scott,Birds In The Trap Sing McKnight,Hip-Hop/Rap,243837,2020-02-27 08:38:42,7.0,3.0
1403,BOP,DaBaby,KIRK,Hip-Hop/Rap,159715,2020-02-26 23:46:34,10.0,1.0
1405,Sidewalks (feat. Kendrick Lamar),The Weeknd,Starboy,R&B/Soul,231358,2020-02-28 04:13:00,10.0,
1407,Magic,Pilot,The Complete Albums,Rock,186333,2020-03-03 17:33:56,9.0,2.0
1409,Airplanes (feat. Hayley Williams),B.o.B,B.o.B Presents: The Adventures of Bobby Ray (Deluxe),Hip-Hop/Rap,180333,2020-03-05 07:48:00,17.0,2.0
1411,Day 'n' Nite,Kid Cudi,Man On the Moon: The End of Day,Hip-Hop/Rap,221240,2020-03-05 07:48:32,23.0,1.0
1413,Live Your Life (feat. Rihanna),T.I.,Paper Trail (Deluxe Version),Rap,338853,2020-03-05 07:48:59,15.0,
1415,Boulevard of Broken Dreams,Green Day,American Idiot,Alternative,260936,2020-03-05 07:50:12,16.0,2.0
1417,Secrets,OneRepublic,Waking Up (Deluxe Version),Pop,224680,2020-03-04 22:53:34,34.0,5.0
1419,Let Her Go,The Kid LAROI,Let Her Go - Single,Hip-Hop/Rap,122113,2020-03-04 23:08:03,50.0,2.0
1421,Diva (feat. Lil Tecca),The Kid LAROI,Diva (feat. Lil Tecca) - Single,Hip-Hop/Rap,172005,2020-03-05 08:08:05,34.0,2.0
1423,Go Stupid,"Polo G, Stunna 4 Vegas, NLE Choppa & Mike WiLL Made-It",Go Stupid - Single,Hip-Hop/Rap,165726,2020-03-05 20:49:48,29.0,2.0
1425,Passionfruit,Drake,More Life,Hip-Hop/Rap,298941,2020-03-06 08:08:14,23.0,1.0
1427,Epic Sax Guy (Mayday Edition),SkyZlimit,Epic Sax Guy (Mayday Edition) - Single,Pop,249840,2020-03-09 05:38:40,25.0,4.0
1429,WHATS POPPIN,Jack Harlow,Sweet Action,Hip-Hop/Rap,139741,2020-03-11 05:27:40,36.0,2.0
1431,me & ur ghost,blackbear,everything means nothing,Pop,201398,2020-03-10 21:57:09,52.0,1.0
1433,Supalonely (feat. Gus Dapperton),BENEE,Stella & Steve - EP,Alternative,223488,2020-03-15 01:15:25,15.0,4.0
1435,Falling,Harry Styles,Fine Line,Pop,240139,2020-03-15 03:27:53,28.0,2.0
1437,North Fell,Delayde & Fenick,Finding Solitude,Electronic,170959,2020-03-15 03:28:54,44.0,3.0
1439,Summertime Sadness,Lana Del Rey,Born to Die - The Paradise Edition,Alternative,265427,2020-03-14 18:33:28,49.0,3.0
1441,Blueberry Faygo,Lil Mosey,Blueberry Faygo - Single,Hip-Hop/Rap,162547,2020-03-19 06:11:45,42.0,
1443,Snowchild,The Weeknd,After Hours,R&B/Soul,247192,2020-03-20 17:25:04,31.0,6.0
1445,Hardest To Love,The Weeknd,After Hours,R&B/Soul,211402,2020-03-20 08:25:04,36.0,1.0
1447,Scared To Live,The Weeknd,After Hours,R&B/Soul,191299,2020-03-20 17:25:04,62.0,8.0
1449,In Your Eyes,The Weeknd,After Hours,R&B/Soul,237522,2020-03-20 17:25:04,111.0,3.0
1451,Save Your Tears,The Weeknd,After Hours,R&B/Soul,215627,2020-03-20 08:25:04,103.0,1.0
1453,Until I Bleed Out,The Weeknd,After Hours,R&B/Soul,190151,2020-03-20 17:25:04,21.0,5.0
1455,Too Late,The Weeknd,After Hours,R&B/Soul,239980,2020-03-20 17:25:04,26.0,6.0
1457,Faith,The Weeknd,After Hours,R&B/Soul,283217,2020-03-20 17:25:04,21.0,3.0
1459,Escape From LA,The Weeknd,After Hours,R&B/Soul,355960,2020-03-20 17:25:04,14.0,3.0
1461,Heartless,The Weeknd,After Hours,R&B/Soul,198267,2020-03-20 17:25:04,14.0,5.0
1463,Alone Again,The Weeknd,After Hours,R&B/Soul,250057,2020-03-20 17:25:04,26.0,5.0
1465,Blinding Lights,The Weeknd,After Hours,R&B/Soul,200046,2020-03-21 05:33:52,36.0,2.0
1467,After Hours,The Weeknd,After Hours,R&B/Soul,361025,2020-03-24 10:37:14,44.0,3.0
1469,Don't Take the Money,Bleachers,Don't Take the Money - Single,Alternative,215539,2020-03-25 08:39:53,27.0,
1471,I Wanna Get Better,Bleachers,Strange Desire,Alternative,204520,2020-03-25 08:40:03,32.0,4.0
1473,She Gon Go,Trill Ryan,She Gon Go - Single,Hip-Hop/Rap,121010,2020-03-28 23:33:46,79.0,7.0
1475,Turks (feat. Travis Scott),NAV & Gunna,Turks (feat. Travis Scott) - Single,Hip-Hop/Rap,161377,2020-03-31 19:30:03,56.0,4.0
1477,ROCKSTAR (feat. Roddy Ricch),DaBaby,BLAME IT ON BABY,Hip-Hop/Rap,181733,2020-04-21 05:46:21,51.0,1.0
1479,THE SCOTTS,"THE SCOTTS, Travis Scott & Kid Cudi",THE SCOTTS - Single,Hip-Hop/Rap,165978,2020-04-24 23:23:18,51.0,3.0
1481,Play Date,Melanie Martinez,Cry Baby (Deluxe Edition),Alternative,179919,2020-04-29 00:36:43,52.0,3.0
1483,YEAH RIGHT,Joji,BALLADS 1,R&B/Soul,174358,2020-04-28 18:08:18,54.0,2.0
1485,TEST DRIVE,Joji,BALLADS 1,R&B/Soul,179423,2020-04-29 06:23:08,56.0,2.0
1487,Run,Joji,Nectar,Alternative,195000,2020-05-02 16:25:18,38.0,6.0
1489,Costa Rica (feat. The Kid LAROI) [Remix],Bankrol Hayden,Costa Rica (feat. The Kid LAROI) [Remix] - Single,Hip-Hop/Rap,114865,2020-05-05 18:10:32,24.0,3.0
1491,Go Dumb (feat. blackbear & Bankrol Hayden),Y2K & The Kid LAROI,Go Dumb (feat. blackbear & Bankrol Hayden) - Single,Hip-Hop/Rap,186459,2020-05-05 18:13:51,23.0,1.0
1493,B.A.N.K.R.O.L.,Bankrol Hayden,B.A.N.K.R.O.L. - Single,Hip-Hop/Rap,108000,2020-05-06 03:15:39,19.0,5.0
1495,Fade Away,The Kid LAROI & Lil Tjay,Fade Away - Single,Hip-Hop/Rap,179252,2020-05-06 21:22:09,16.0,2.0
1497,Let Me Down,Oliver Tree,Let Me Down - Single,Alternative,111210,2020-05-10 03:23:11,23.0,2.0
1499,Trampoline,SHAED & ZAYN,Trampoline - Single,Pop,184280,2020-05-21 01:44:00,19.0,3.0
1501,ARGENTINA,Gunna,WUNNA,Hip-Hop/Rap,149133,2020-05-24 00:31:52,12.0,3.0
1503,DOLLAZ ON MY HEAD (feat. Young Thug),Gunna,WUNNA,Hip-Hop/Rap,197760,2020-05-24 04:34:35,18.0,2.0
1505,Flex (feat. Juice WRLD),Polo G,THE GOAT,Hip-Hop/Rap,163902,2020-05-24 04:36:03,19.0,2.0
1507,Stunnin' (feat. Harm Franklin),Curtis Waters,Pity Party,Alternative,144000,2020-06-10 03:21:42,4.0,
1509,Murder on My Mind,YNW Melly,I Am You,Hip-Hop/Rap,268434,2020-06-10 21:39:46,7.0,2.0
1511,Sanctuary,Joji,Nectar,Alternative,180019,2020-06-11 19:32:28,11.0,1.0
1513,OUT WEST (feat. Young Thug),JACKBOYS & Travis Scott,JACKBOYS,Hip-Hop/Rap,157712,2020-06-14 19:54:22,6.0,1.0
1515,Replay,Iyaz,Replay - Single,Pop,182307,2020-06-16 00:22:39,13.0,2.0
1517,SAD (Imanbek xxx Remix),Rasster & Erin Bloomer,SAD (Imanbek xxx Remix) - Single,Dance,174720,2020-06-16 20:40:18,10.0,1.0
1519,Suicidal (Remix) [feat. Juice WRLD],YNW Melly,Suicidal (Remix) [feat. Juice WRLD] - Single,Hip-Hop/Rap,225857,2020-06-16 20:41:35,12.0,4.0
1521,Mama Cry,YNW Melly,I Am You,Hip-Hop/Rap,231298,2020-06-16 11:41:40,10.0,2.0
1523,GO,The Kid LAROI & Juice WRLD,F*CK LOVE 3+: OVER YOU,Hip-Hop/Rap,181688,2020-06-22 12:27:39,18.0,2.0
1525,Bandit,Juice WRLD & YoungBoy Never Broke Again,Bandit - Single,Hip-Hop/Rap,189073,2020-06-22 21:29:16,18.0,4.0
1527,Marvins Room,Drake,Take Care (Deluxe Version),Hip-Hop/Rap,347227,2020-06-26 07:31:17,7.0,6.0
1529,Party Girl,StaySolidRocky,Party Girl - Single,Hip-Hop/Rap,147800,2020-07-08 05:51:51,17.0,5.0
1531,Conversations,Juice WRLD,Legends Never Die (Video Version),Hip-Hop/Rap,181661,2020-07-10 16:43:21,19.0,6.0
1533,Rags2Riches (feat. ATR Son Son),Rod Wave,Pray 4 Love (Deluxe),Hip-Hop/Rap,167147,2020-07-13 01:16:38,26.0,5.0
1535,For The Night (feat. Lil Baby & DaBaby),Pop Smoke,Shoot For The Stars Aim For The Moon,Hip-Hop/Rap,190476,2020-07-17 01:00:28,17.0,5.0
1537,TELL ME WHY,The Kid LAROI,TELL ME WHY - Single,Hip-Hop/Rap,195268,2020-07-21 06:43:15,27.0,5.0
1539,Hate the Other Side,"Juice WRLD, Marshmello & The Kid LAROI",Legends Never Die (Video Version),Hip-Hop/Rap,160212,2020-07-21 08:31:42,43.0,1.0
1541,"WHATS POPPIN (Remix) [feat. DaBaby, Tory Lanez & Lil Wayne]",Jack Harlow,"WHATS POPPIN (Remix) [feat. DaBaby, Tory Lanez & Lil Wayne] - Single",Hip-Hop/Rap,227478,2020-07-21 22:48:16,20.0,14.0
1543,Wishing Well,Juice WRLD,Legends Never Die (Video Version),Hip-Hop/Rap,194621,2020-07-23 06:43:01,48.0,6.0
1545,Lightbeam (feat. NoCap),Lil Skies,Lightbeam (feat. NoCap) - Single,Hip-Hop/Rap,221544,2020-07-24 02:38:18,15.0,4.0
1547,I WISH,The Kid LAROI,F*CK LOVE 3+: OVER YOU,Hip-Hop/Rap,125571,2020-07-24 18:01:33,24.0,3.0
1549,Him & I,G-Eazy & Halsey,The Beautiful & Damned,Hip-Hop/Rap,268859,2020-08-13 03:29:28,12.0,3.0
1551,Elastic Heart,Sia,1000 Forms of Fear (Deluxe Version),Pop,257200,2020-08-13 22:51:34,19.0,1.0
1553,The Other Side,Hugh Jackman & Zac Efron,The Greatest Showman (Original Motion Picture Soundtrack),Soundtrack,214373,2020-08-13 22:52:08,20.0,4.0
1555,Blue (Da Ba Dee) [Gabry Ponte Ice Pop Radio],Eiffel 65,Europop,Dance,283748,2020-08-18 08:31:39,15.0,8.0
1557,Mood (feat. iann dior),24kGoldn,El Dorado,Hip-Hop/Rap,140526,2020-08-25 05:49:03,21.0,4.0
1559,Alors on danse,Stromae,Alors on danse - Single,Dance,207973,2020-08-28 17:03:36,35.0,4.0
1561,Some Say (Felix Jaehn Remix),NEA,Some Say (Felix Jaehn Remix) - Single,Pop,186878,2020-08-30 16:08:35,44.0,8.0
1563,Dare,Gorillaz,Demon Days,Alternative,244307,2020-09-03 00:23:20,18.0,2.0
1565,Cardigan,Don Toliver,Heaven Or Hell,Hip-Hop/Rap,158709,2020-09-07 17:49:02,16.0,4.0
1567,GREECE (feat. Drake),DJ Khaled,GREECE (feat. Drake) - Single,Hip-Hop/Rap,218902,2020-09-12 23:14:09,17.0,8.0
1569,Laugh Now Cry Later (feat. Lil Durk),Drake,Laugh Now Cry Later (feat. Lil Durk) - Single,Hip-Hop/Rap,261493,2020-09-23 18:24:02,7.0,5.0
1571,Daylight,Joji & Diplo,Nectar,Alternative,163906,2020-09-23 16:46:52,19.0,1.0
1573,Put Your Records On,Ritt Momney,Put Your Records On - Single,Pop,210463,2020-09-25 19:00:59,7.0,2.0
1575,Pretty Boy (feat. Lil Yachty),Joji,Nectar,Alternative,156759,2020-09-26 05:36:17,16.0,2.0
1577,Lemonade (Remix),"Internet Money, Don Toliver & Roddy Ricch",B4 The Storm,Hip-Hop/Rap,181496,2020-10-06 02:47:29,15.0,
1579,Mr. Right Now (feat. Drake),21 Savage & Metro Boomin,SAVAGE MODE II,Hip-Hop/Rap,193839,2020-10-06 02:49:36,9.0,6.0
1581,Sweater Weather,The Neighbourhood,I Love You.,Alternative,240400,2020-10-07 00:14:38,30.0,3.0
1583,Waves (Robin Schulz Remix Radio Edit),Mr. Probz,Waves (Robin Schulz Remix Radio Edit) - Single,Pop,208133,2020-10-14 06:27:23,26.0,3.0
1585,Hej Monika (Remix),PewDiePie & Party in Backyard,Hej Monika (Remix) - Single,Pop,142353,2020-10-17 01:27:02,41.0,6.0
1587,What You Know Bout Love,Pop Smoke,Shoot For The Stars Aim For The Moon,Hip-Hop/Rap,160000,2020-10-17 02:08:46,32.0,4.0
1589,Sexy Bitch (feat. Akon),David Guetta,One More Love,Electronica,195853,2020-10-16 17:43:11,31.0,6.0
1591,Lollipop (feat. Static Major),Lil Wayne,Tha Carter III (Deluxe Revised),Hip-Hop/Rap,299333,2020-10-17 02:44:30,25.0,7.0
1593,Little Dark Age,MGMT,Little Dark Age,Alternative,299933,2020-10-18 05:32:24,51.0,3.0
1595,SO DONE,The Kid LAROI,F*CK LOVE 3+: OVER YOU,Pop,126521,2020-10-23 22:10:45,50.0,2.0
1597,Noticed,Lil Mosey,Northsbest,Hip-Hop/Rap,165000,2020-10-28 00:17:38,39.0,3.0
1599,Tyler Herro,Jack Harlow,Tyler Herro - Single,Hip-Hop/Rap,156498,2020-10-31 04:27:56,45.0,5.0
1601,ALWAYS DO,The Kid LAROI,F*CK LOVE 3+: OVER YOU,Pop,151705,2020-11-06 16:43:53,67.0,2.0
1603,"F*CK YOU, GOODBYE (feat. Machine Gun Kelly)",The Kid LAROI,F*CK LOVE 3+: OVER YOU,Pop,144860,2020-11-07 07:26:16,61.0,1.0
1605,WITHOUT YOU,The Kid LAROI,F*CK LOVE 3+: OVER YOU,Pop,161385,2020-11-11 06:04:13,60.0,7.0
1607,Count on Me,Bruno Mars,Doo-Wops & Hooligans,Pop,197470,2020-11-23 05:25:36,21.0,5.0
1609,No Role Modelz,J. Cole,2014 Forest Hills Drive,Hip-Hop/Rap,292799,2020-12-05 03:57:45,23.0,2.0
1611,Travis Scott ft. Don Toliver - Clap (Music Video),,,,174968,2020-12-07 06:46:58,32.0,2.0
1613,Reminds Me of You,Juice WRLD & The Kid LAROI,Reminds Me of You - Single,Hip-Hop/Rap,158033,2020-12-09 23:59:51,24.0,4.0
1615,Somebody That I Used to Know (feat. Kimbra),Gotye,Making Mirrors,Alternative,244885,2020-12-12 05:37:30,28.0,8.0
1617,Pumped Up Kicks,Foster the People,Torches,Alternative,239840,2020-12-12 05:41:03,42.0,7.0
1619,это ли счастье?,Rauf & Faik,это ли счастье? - Single,Pop,204490,2020-12-13 07:10:40,47.0,3.0
1621,Die Very Rough,Mario Judah,Die Very Rough - Single,Alternative,91171,2020-12-22 05:25:16,16.0,4.0
1623,Afterglow,Ed Sheeran,Afterglow - Single,Pop,185487,2020-12-24 07:15:30,11.0,6.0
1625,Ai Se Eu Te Pego (Ao Vivo),Michel Teló,Ai Se Eu Te Pego (Ao Vivo) - Single,Sertanejo,166439,2020-12-26 07:34:01,23.0,4.0
1627,"Give Me Everything (feat. Ne-Yo, Afrojack & Nayer)",Pitbull,"Give Me Everything (feat. Ne-Yo, Afrojack & Nayer) - Single",Pop,256133,2020-12-26 07:35:14,18.0,3.0
1629,Disturbia,Rihanna,Good Girl Gone Bad: Reloaded,R&B/Soul,238627,2020-12-27 07:22:35,20.0,2.0
1631,Temperature,Sean Paul,The Trinity,Pop,218573,2020-12-27 07:22:56,22.0,5.0
1633,One More Night,Maroon 5,Overexposed (Deluxe Version),Pop,219392,2020-12-27 07:40:50,28.0,1.0
1635,From Paris to Berlin,Infernal,From Paris to Berlin,Pop,209880,2020-12-28 04:46:50,25.0,1.0
1637,Hope,XXXTENTACION,?,Pop,110886,2021-01-02 06:11:18,24.0,9.0
1639,Often (Kygo Remix),The Weeknd,Often (Kygo Remix) - Single,R&B/Soul,234400,2021-01-07 06:35:34,39.0,4.0
1641,Animals,Maroon 5,V (Deluxe),Pop,231079,2021-01-09 19:59:56,36.0,4.0
1643,Hadal Ahbek,Issam Alnajjar,Hadal Ahbek - Single,Pop,209684,2021-01-14 17:30:57,47.0,5.0
1645,positions,Ariana Grande,Positions,Pop,172325,2021-01-24 04:46:05,29.0,2.0
1647,Halsey - BALENCIAGA [Bass Boosted],,,,167784,2021-01-08 02:19:59,13.0,8.0
1649,Dangerous (feat. Akon),Kardinal Offishall,Not 4 Sale,Hip-Hop/Rap,246053,2021-02-04 01:29:10,28.0,4.0
1651,Mystery Lady,Masego & Don Toliver,Mystery Lady - Single,R&B/Soul,228453,2021-02-13 16:30:19,6.0,4.0
1653,Call Out My Name,The Weeknd,"My Dear Melancholy,",R&B/Soul,228382,2021-02-21 02:22:39,6.0,1.0
1655,Hurt You,The Weeknd & Gesaffelstein,"My Dear Melancholy,",R&B/Soul,230028,2021-02-21 02:26:19,2.0,4.0
1657,Lust for Life (feat. The Weeknd),Lana Del Rey,Lust for Life,Alternative,264066,2021-02-21 02:26:52,6.0,
1659,Моя голова винтом,kostromin,Моя голова винтом - Single,Pop,140000,2021-02-24 07:33:00,5.0,2.0
1661,SexyBack (feat. Timbaland),Justin Timberlake,FutureSex/LoveSounds (Deluxe Edition),Pop,242800,2021-02-27 01:40:31,6.0,2.0
1663,My Love (feat. T.I.),Justin Timberlake,FutureSex/LoveSounds (Deluxe Edition),Pop,276160,2021-02-27 01:40:53,17.0,1.0
1665,Whatcha Say,Jason Derulo,Jason Derulo,Pop,221253,2021-02-27 05:24:38,14.0,2.0
1667,Everytime We Touch,Cascada,Back On the Dancefloor,Dance,197124,2021-03-02 03:45:39,19.0,3.0
1669,Kiss Me Thru the Phone (feat. Sammie),Soulja Boy Tell 'Em,iSouljaBoyTellem,Hip-Hop/Rap,193387,2021-03-03 20:34:12,16.0,3.0
1671,Bottoms Up (feat. Nicki Minaj),Trey Songz,"Passion, Pain & Pleasure (Deluxe Version)",R&B/Soul,242013,2021-03-03 20:39:52,8.0,7.0
1673,Never Be Like You (feat. Kai),Flume,Skin,Electronic,234910,2021-03-05 06:07:26,15.0,4.0
1675,Umbrella (feat. JAY-Z),Rihanna,Good Girl Gone Bad: Reloaded,Pop,276136,2021-03-04 21:11:50,36.0,4.0
1677,Hypnotized,Purple Disco Machine & Sophie and the Giants,Hypnotized - Single,Dance,195704,2021-03-25 04:20:44,59.0,16.0
1679,Gillette (feat. DrDisrespect),199X,Gillette (feat. DrDisrespect) - Single,Electronic,120000,2021-04-08 23:54:34,106.0,2.0
1681,Lovefool,twocolors,Lovefool - Single,Dance,190488,2021-04-17 07:10:03,55.0,10.0
1683,You're Perfect,Charly Black,You're Perfect - Single,Dance,196973,2021-05-04 07:50:26,72.0,5.0
1685,Maps,Maroon 5,V (Deluxe),Pop,190108,2021-05-19 00:49:32,64.0,3.0
1687,good 4 u,Olivia Rodrigo,SOUR,Pop,178148,2021-05-24 06:16:57,37.0,3.0
1689,Beautiful Mistakes,Maroon 5 & Megan Thee Stallion,Beautiful Mistakes - Single,Pop,227395,2021-05-27 01:25:20,52.0,1.0
1691,RAPSTAR,Polo G,Hall of Fame,Hip-Hop/Rap,165926,2021-06-16 08:42:19,24.0,3.0
1693,Hips Don't Lie (feat. Wyclef Jean),Shakira,"Oral Fixation, Vol. 2 (Expanded Edition)",Pop,218093,2021-06-19 18:26:50,30.0,5.0
1695,Holiday,KSI,All Over the Place (Deluxe),Pop,193733,2021-06-19 13:35:35,31.0,2.0
1697,Patience (feat. YUNGBLUD & Polo G),KSI,All Over the Place (Deluxe),Hip-Hop/Rap,181720,2021-06-20 01:23:48,26.0,5.0
1699,Sweet Dreams (Are Made of This),Dance Fruits Music & Steve Void,Sweet Dreams (Are Made of This) - Single,Dance,122000,2021-06-23 02:13:59,29.0,5.0
1701,Ramenez la coupe à la maison,Vegedream,Ramenez la coupe à la maison - Single,R&B/Soul,235556,2021-06-24 05:06:20,25.0,7.0
1703,Papaoutai,Stromae,Papaoutai - Single,French Pop,231465,2021-07-03 03:02:44,38.0,7.0
1705,Bad Habits,Ed Sheeran,Bad Habits - Single,Pop,230747,2021-07-10 12:05:54,32.0,5.0
1707,Can't Remember to Forget You (feat. Rihanna) [Album],Shakira,Shakira. (Expanded Edition) [Spanish Version],Pop Latino,206867,2021-07-12 07:23:20,36.0,7.0
1709,Love You Like a Love Song,Selena Gomez & The Scene,For You,Pop,188453,2021-07-17 04:13:32,51.0,8.0
1711,STAY,The Kid LAROI & Justin Bieber,STAY - Single,Pop,141806,2021-07-19 05:18:48,56.0,7.0
1713,Cold Heart (PNAU Remix),Elton John & Dua Lipa,Cold Heart (PNAU Remix) - Single,Pop,202735,2021-08-21 17:38:54,34.0,4.0
1715,Heat Waves,Glass Animals,Dreamland,Alternative,238805,2021-09-02 21:17:25,36.0,4.0
1717,Turn Me On,Kevin Lyttle,Turn Me On - Single,Reggae,192107,2021-11-19 01:31:02,15.0,5.0
1719,Can't Get You out Of My Head,Glimmer of Blooms,Can't Get You out Of My Head - Single,Pop,200438,2021-11-20 23:48:57,19.0,5.0
1721,Angel (feat. Rayvon),Shaggy,Hot Shot,Pop,235133,2022-05-09 20:18:56,13.0,4.0
1723,Softcore,The Neighbourhood,Hard To Imagine The Neighbourhood Ever Changing,Alternative,206280,2022-07-18 05:11:12,42.0,6.0
1725,Under the Influence,Chris Brown,Indigo (Extended),R&B/Soul,184204,2022-09-02 20:32:29,26.0,1.0
1727,METAMORPHOSIS,INTERWORLD,METAMORPHOSIS - Single,Electronic,142839,2022-10-26 23:46:49,15.0,7.0
1729,Substance,03 Greedo,The Wolf of Grape Street,Hip-Hop/Rap,219834,2022-10-29 03:10:10,12.0,10.0
1731,Rich Flex,Drake & 21 Savage,Her Loss,Hip-Hop/Rap,239360,2022-11-26 03:37:54,11.0,5.0
1733,"Quevedo: Bzrp Music Sessions, Vol. 52",Bizarrap & Quevedo,"Quevedo: Bzrp Music Sessions, Vol. 52 - Single",Hip-Hop/Rap,198938,2022-12-05 19:16:15,46.0,6.0
1735,She Doesn't Mind,Sean Paul,Tomahawk Technique,Pop,227787,2023-01-07 03:19:15,33.0,6.0
1737,Meet Me Halfway,Black Eyed Peas,The E.N.D. (The Energy Never Dies) [International Version],Pop,284373,2023-01-07 17:35:41,27.0,7.0
1739,All The Things She Said (Teaboy Flip),Teaboy,All The Things She Said - Single,Pop,164327,2023-02-18 03:00:20,18.0,2.0
1741,She Wolf,Shakira,She Wolf (Deluxe Version),Pop,188867,2023-02-22 06:12:16,26.0,3.0
1743,People You Know,Selena Gomez,Rare (Deluxe),Pop,194900,2023-03-02 17:34:11,12.0,3.0
1745,Sacrifice,Elton John,Sleeping With the Past (Remastered),Pop,304133,2023-03-05 21:34:16,18.0,5.0
1747,You Give Love a Bad Name,Bon Jovi,Slippery When Wet,Hard Rock,222644,2023-03-11 02:07:18,29.0,7.0
1749,Higher (feat. iann dior),Clean Bandit,Higher (feat. iann dior) - Single,Electronic,203953,2023-03-17 06:17:56,18.0,6.0
1751,Say It Right,Nelly Furtado,Loose (Deluxe Version),Pop,223080,2023-03-18 18:02:08,34.0,7.0
1753,Pursuit of Happiness (Nightmare) [feat. MGMT & Ratatat],Kid Cudi,Man On the Moon: The End of Day (Expanded Version),Hip-Hop/Rap,295293,2023-03-22 15:40:49,11.0,9.0
1755,Give It to Me (feat. Justin Timberlake & Nelly Furtado),Timbaland,Shock Value (Bonus Track Version),Hip-Hop/Rap,234080,2023-04-13 21:32:50,20.0,6.0
1757,A Place with No Name,Michael Jackson,XSCAPE (Deluxe),Pop,335160,2023-05-10 21:17:56,21.0,6.0
1759,Annihilate (Spider-Man: Across the Spider-Verse),"Metro Boomin, Swae Lee, Lil Wayne & Offset",METRO BOOMIN PRESENTS SPIDER-MAN: ACROSS THE SPIDER-VERSE (SOUNDTRACK FROM AND INSPIRED BY THE MOTION PICTURE),Hip-Hop/Rap,231747,2023-06-02 16:17:01,14.0,5.0
1761,All The Way Live (Spider-Man: Across the Spider-Verse),"Metro Boomin, Future & Lil Uzi Vert",METRO BOOMIN PRESENTS SPIDER-MAN: ACROSS THE SPIDER-VERSE (SOUNDTRACK FROM AND INSPIRED BY THE MOTION PICTURE / DELUXE EDITION),Soundtrack,245240,2023-06-23 16:21:02,18.0,7.0
1763,Am I Dreaming,"Metro Boomin, A$AP Rocky & Roisee",METRO BOOMIN PRESENTS SPIDER-MAN: ACROSS THE SPIDER-VERSE (SOUNDTRACK FROM AND INSPIRED BY THE MOTION PICTURE / DELUXE EDITION),Soundtrack,256027,2023-06-23 16:21:44,27.0,4.0
1765,Calling (feat. A Boogie wit da Hoodie) [Spider-Man: Across the Spider-Verse],"Metro Boomin, Swae Lee & NAV",METRO BOOMIN PRESENTS SPIDER-MAN: ACROSS THE SPIDER-VERSE (SOUNDTRACK FROM AND INSPIRED BY THE MOTION PICTURE / DELUXE EDITION),Soundtrack,219453,2023-06-23 16:21:50,17.0,4.0
1767,All My Life (feat. J. Cole),Lil Durk,Almost Healed,Rap,223879,2023-06-23 07:24:41,21.0,5.0
1769,Beamer (Bad Boys) [feat. Rvssian],Rema,Beamer (Bad Boys) [feat. Rvssian] - Single,Afrobeats,195048,2023-06-24 03:50:09,16.0,1.0
1771,UNAVAILABLE (feat. Musa Keys),Davido,Timeless,Afrobeats,169912,2023-06-24 03:51:02,19.0,5.0
1773,Good Love,Kelly Price,Mirror Mirror,R&B/Soul,227133,2023-07-08 00:34:01,9.0,8.0
1775,Forever,Labrinth,Euphoria (Original Score from the HBO Series),Soundtrack,202536,2023-07-18 05:33:47,11.0,1.0
1777,Si përpara,Butrint Imeri,Si përpara - Single,Dance,174881,2023-07-26 20:32:42,17.0,5.0
1779,Sytë mu kanë qorru,Majk,Sytë mu kanë qorru - Single,Pop,194526,2023-07-26 20:36:48,22.0,6.0
1781,A m'don,Elvana Gjata,A m'don - Single,Pop,188598,2023-07-26 20:41:16,17.0,2.0
1783,Menemadhe,"Lyrical Son, Ledri Vula & Mc Kresha",United State of Albania,Hip-Hop/Rap,193776,2023-07-27 05:45:10,7.0,
1785,Deja Vu (feat. Lyrical Son),Kida,Deja Vu (feat. Lyrical Son) - Single,Dance,171051,2023-07-27 05:49:49,8.0,1.0
1787,Habibi (Albanian Remix),Ricky Rich & Dardan,Habibi (Albanian Remix) - Single,Hip-Hop/Rap,129590,2023-07-26 20:54:12,11.0,4.0
1789,Harrom,Dhurata Dora,Harrom - Single,Pop,215991,2023-07-26 20:57:21,12.0,1.0
1791,Rio,Ledri Vula,Rio - Single,Pop,158000,2023-07-26 21:06:46,16.0,4.0
1793,Anna,Nora Istrefi & Gjiko,Anna - Single,Dance,222422,2023-07-26 21:09:53,12.0,5.0
1795,Ferrari,Dhurata Dora,Ferrari - Single,Pop,184049,2023-07-27 19:43:56,16.0,2.0
1797,Monaco,Ledri Vula,Monaco - Single,Pop,165462,2023-07-28 04:44:28,13.0,
1799,Moti,Kida,Moti - Single,Pop,160917,2023-07-27 19:44:51,18.0,2.0
1801,Tela (feat. Ermal Fejzullahu),Kida,Tela (feat. Ermal Fejzullahu) - Single,Dance,198055,2023-07-27 19:45:15,14.0,2.0
1803,Princess Diana,Ledri Vula & Lyrical Son,Princess Diana - Single,Hip-Hop/Rap,163841,2023-07-27 19:45:39,18.0,2.0
1805,Llafe Llafe (feat. Lyrical Son),Dafina Zeqiri,DAFINË MOJ,Pop,190467,2023-07-27 19:46:10,20.0,3.0
1807,Kuch Kuch Hota Hai,"Jatin-Lalit, Udit Narayan & Alka Yagnik",Kuch Kuch Hota Hai (Original Motion Picture Soundtrack),Bollywood,297867,2023-07-27 20:40:06,9.0,9.0
1809,Promiscuous (feat. Timbaland),Nelly Furtado,Loose (Deluxe Version),Pop,242293,2023-07-30 22:34:18,26.0,5.0
1811,The Way I Are (feat. Keri Hilson & D.O.E.),Timbaland,Shock Value (Bonus Track Version),Hip-Hop/Rap,179280,2023-07-30 22:34:20,26.0,5.0
1813,Ayo Technology (feat. Justin Timberlake),50 Cent,Curtis,Hip-Hop/Rap,247947,2023-07-30 22:34:29,20.0,7.0
1815,Rhythm Is a Dancer,Snap!,The Madman's Return,Dance,332230,2023-08-11 19:55:17,23.0,3.0
1817,Radio,Lana Del Rey,Born to Die - The Paradise Edition,Alternative,214574,2023-08-20 22:59:38,39.0,4.0
1819,Find Your Love,Drake,Thank Me Later,Hip-Hop/Rap,208947,2023-08-28 15:36:34,30.0,2.0
1821,Next To You (feat. Justin Bieber),Chris Brown,F.A.M.E. (Expanded Edition),R&B/Soul,265813,2023-08-31 22:44:48,9.0,5.0
1823,We Don't Talk Anymore (Instrumental),Isaac Moore,Songs Through Time,Instrumental,219430,2023-08-31 22:48:22,16.0,6.0
1825,Chemical,Post Malone,Chemical - Single,Pop,184013,2023-09-05 19:23:09,28.0,6.0
1827,Cruel Summer,Taylor Swift,Lover,Pop,178426,2023-09-05 19:53:58,40.0,4.0
1829,Sprinter,Dave & Central Cee,Sprinter - Single,Hip-Hop/Rap,229133,2023-09-07 22:44:06,10.0,12.0
1831,Memory Reboot (Over Slowed),VØJ & Narvent,Memory Reboot (Over Slowed) - Single,Electronic,282611,2023-09-08 18:32:32,26.0,6.0
1833,This Love,Maroon 5,Songs About Jane,Rock,207224,2023-09-18 14:45:17,33.0,3.0
1835,GMFU,Odetari & 6arelyhuman,GMFU - Single,Dance,127742,2023-09-19 10:44:26,22.0,9.0
1837,Lost on You,LP,Lost On You,Alternative,267461,2023-09-22 18:06:34,35.0,1.0
1839,Amour plastique,"Videoclub, Adèle Castillon & Mattyeux",Euphories,French Pop,226027,2023-09-25 17:12:59,22.0,2.0
1841,Prada,"cassö, RAYE & D-Block Europe",Prada - Single,Dance,132359,2023-09-27 19:17:48,16.0,3.0
1843,Like A Saviour,Ellie Goulding,Higher Than Heaven (Deluxe),Pop,220404,2023-09-27 22:00:32,18.0,
1845,Satisfaction,Benny Benassi,Hypnotica,Electronic,285547,2023-10-07 20:02:54,7.0,4.0
1847,Until I Found You,Stephen Sanchez,Until I Found You - Single,Singer/Songwriter,177720,2023-10-14 00:24:31,16.0,4.0
1849,Sunsetz,Cigarettes After Sex,Cigarettes After Sex,Alternative,214680,2023-10-14 00:29:17,26.0,1.0
1851,"Hold On, We're Going Home (feat. Majid Jordan)",Drake,Nothing Was the Same (Deluxe),Hip-Hop/Rap,231193,2023-10-14 00:44:28,16.0,4.0
1853,What Goes Around.../...Comes Around (Interlude),Justin Timberlake,FutureSex/LoveSounds (Deluxe Edition),Pop,448533,2023-10-15 22:34:51,17.0,4.0
1855,SPECIALZ,King Gnu,SPECIALZ - Single,Alternative,238987,2023-10-21 04:56:05,20.0,2.0
1857,(I Just) Died in Your Arms,Cutting Crew,Broadcast,Rock,280400,2023-10-24 14:20:44,30.0,2.0
1859,Sandstorm,Darude,Sandstorm - Single,Dance,446467,2023-11-04 05:44:36,6.0,5.0
1861,Meditate To Gentle Waves for Emotional Well Being and Relaxation,Nature Sounds In HD,Nature Sound In Hd,New Age,360072,2023-11-08 18:20:07,12.0,6.0
1863,Coffee,Miguel,Coffee - Single,R&B/Soul,290153,2023-11-13 20:36:39,10.0,2.0
1865,Sky Walker (feat. Travis Scott),Miguel,War & Leisure,R&B/Soul,259334,2023-11-13 20:36:58,10.0,2.0
1867,Danza Kuduro (feat. Lucenzo),Don Omar & Lucenzo,Meet the Orphans,Urbano latino,198773,2023-12-02 19:59:49,16.0,2.0
1869,I Don't Wanna Dance,Ameritz Top Tributes,I Don't Wanna Dance: A Tribute to Eddy Grant - Single,Tribute,205960,2024-02-08 05:53:15,6.0,
1871,The Riddle,Nik Kershaw,The Riddle (Expanded Edition),Pop,234825,2024-02-12 19:14:08,6.0,5.0
1873,I Don't Wanna Know (feat. Enya & P. Diddy) [2016 Remastered],Mario Winans,Bad Boy 20th Anniversary Box Set Edition,R&B/Soul,257333,2024-02-13 23:14:21,10.0,2.0
1875,Faded (Cover),Improver & Taras Stanin,Faded (Cover) - Single,Dance,136080,2024-02-16 06:25:20,2.0,5.0
1877,Beautiful Things,Benson Boone,Beautiful Things - Single,Pop,180304,2024-03-28 16:08:26,10.0,7.0
1879,End of Beginning,Djo,DECIDE,Alternative,159246,2024-04-29 21:27:31,10.0,5.0
1881,Dujem,Butrint Imeri,Dujem - Single,Pop,157442,2024-06-04 16:07:55,14.0,7.0
1883,Özünlə Apar (feat. İlkin Dovletov),Fahree,Özünlə Apar (feat. İlkin Dovletov) - Single,Pop,182091,2024-06-07 06:58:54,6.0,5.0
1885,Lej,DON XHONI & Dhurata Dora,Lej - Single,Dance,148000,2024-06-06 22:00:16,37.0,1.0
1887,Hala,DON XHONI & Era Istrefi,Hala - Single,Hip-Hop/Rap,158750,2024-06-06 22:02:20,26.0,4.0
1889,Si Mua,Dafina Zeqiri & Elgit Doda,Si Mua - Single,Pop,171429,2024-06-06 22:03:06,11.0,7.0
1891,Sock It 2 Me,Da Brat & Missy Elliott,Supa Dupa Fly,Hip-Hop/Rap,266333,2024-06-20 02:03:47,1.0,3.0
1893,Alone,Liquideep,Fabrics of the Heart,House,216360,2024-06-21 07:46:59,2.0,3.0
1895,Fairytale,Liquideep,Oscillations,House,306040,2024-06-21 16:47:11,4.0,3.0
1897,Lately,Sergio,Lately - Single,R&B/Soul,178086,2024-06-26 20:38:47,9.0,2.0
1899,GIRLS,The Kid LAROI,GIRLS - Single,Pop,152980,2024-06-28 17:55:15,13.0,1.0
1901,MILLION DOLLAR BABY,Tommy Richman,MILLION DOLLAR BABY - Single,Hip-Hop/Rap,155152,2024-06-29 03:59:13,10.0,5.0
1903,Move,"Adam Port, Stryv & Malachiii",Move - Single,Afro House,177599,2024-06-29 04:07:15,24.0,4.0
1905,Toto (feat. RAF Camora),Noizy,Toto (feat. RAF Camora) - Single,Hip-Hop/Rap,205140,2024-06-29 21:38:24,14.0,5.0
1907,Kalon,Lumi B & Dafina Zeqiri,Kalon - Single,Hip-Hop/Rap,193392,2024-07-01 15:57:36,14.0,4.0
1909,Smack That (feat. Eminem),Akon,Konvicted (Complete Edition),R&B/Soul,212360,2024-07-03 21:49:07,9.0,
1911,Right Now (Na Na Na),Akon,Freedom,R&B/Soul,240747,2024-07-03 21:49:32,9.0,7.0
1913,Love Me (feat. Drake & Future),Lil Wayne,I Am Not a Human Being II,Hip-Hop/Rap,255053,2024-07-03 21:51:02,3.0,8.0
1915,Hate It Or Love It (feat. 50 Cent),The Game,The Documentary,Hip-Hop/Rap,206400,2024-07-03 22:01:26,13.0,
1917,Baby By Me (feat. Ne-Yo),50 Cent,Before I Self Destruct (Bonus Track Version),Hip-Hop/Rap,213360,2024-07-04 07:03:20,5.0,3.0
1919,Aston Martin Music (feat. Drake & Chrisette Michele),Rick Ross,Teflon Don,Hip-Hop/Rap,270627,2024-07-03 22:15:33,6.0,3.0
1921,Your Love,The Outfield,Play Deep,Rock,223458,2024-07-05 19:50:24,2.0,3.0
1923,Caribbean Queen (No More Love On the Run),Billy Ocean,Suddenly (Expanded Edition),Pop,475227,2024-07-17 10:19:41,,5.0
1925,One Night in Bangkok,Murray Head,Emotions (My Favourite Songs),Pop,236067,2024-07-30 13:48:55,11.0,1.0
1927,Bittersweet Symphony,Marc Scibilia,Bittersweet Symphony - Single,Singer/Songwriter,269746,2024-08-01 12:06:23,14.0,3.0
1929,Another Day in Paradise (2016 Remastered),Phil Collins,...But Seriously (Remastered),Pop,322133,2024-08-05 21:46:50,2.0,2.0
1931,Against All Odds (Take a Look at Me Now),Phil Collins,The Singles (Remastered),Rock,206360,2024-08-05 21:48:15,2.0,5.0
1933,Land of Confusion (2007 Remaster),Genesis,Invisible Touch (2007 Remaster),Rock,285667,2024-08-05 21:50:32,4.0,1.0
1935,Your Song,Elton John,Elton John (Deluxe Edition),Pop,241787,2024-08-05 21:54:33,7.0,4.0
1937,Hold the Line,Toto,Toto,Rock,235552,2024-08-05 21:55:34,2.0,5.0
1939,Too Sweet,Hozier,Unheard - EP,Pop,251424,2024-08-18 19:46:42,5.0,2.0
1941,Espresso,Sabrina Carpenter,Espresso - Single,Pop,175459,2024-08-18 12:16:59,15.0,1.0
1943,The Less I Know the Better,Tame Impala,Currents,Alternative,218880,2024-08-18 21:54:44,5.0,5.0
1945,Push Me to the Floor,The Parlotones,Stardust Galaxies,Pop,251600,2024-08-21 19:35:47,9.0,6.0
1947,I'll be There,The Parlotones,Dragonflies and Astronauts (Best Of),Pop,218933,2024-08-21 19:35:50,11.0,2.0
1949,Hello,Prime Circle,Hello Crazy World (10th Anniversary Special),Rock,222667,2024-08-21 14:14:41,11.0,4.0
1951,Another Universe,Arno Carstens,Another Universe,Pop,214960,2024-08-21 23:17:01,7.0,7.0
1953,What He Means,Just Jinjer,Just Jinjer,Alternative,287042,2024-08-21 23:18:44,4.0,8.0
1955,She Always Gets What She Wants,Prime Circle,All Or Nothing,Pop/Rock,224493,2024-08-21 14:25:30,8.0,8.0
1957,Like a Prayer,Madonna,Like a Prayer,Pop,340867,2024-08-23 20:16:52,12.0,6.0
1959,Come With Me,Surfaces & salem ilese,Pacifico,Pop,209732,2024-08-23 22:11:49,23.0,2.0
1961,I'm Only Human,The Parlotones,Dragonflies and Astronauts (Best Of),Pop,242720,2024-08-28 13:33:46,9.0,13.0
1963,Heaven Is A Place On Earth,Belinda Carlisle,Greatest (Extended),Pop,246520,2024-09-06 19:11:03,18.0,2.0
1965,Mania,Aaryan Shah,Codex,R&B/Soul,204396,2024-09-11 02:33:23,20.0,1.0
1967,Dynja,Majk,Dynja - Single,Hip-Hop/Rap,204000,2024-09-12 15:12:48,20.0,3.0
1969,Tunde,Noizy,Tunde - Single,Pop,186198,2024-09-12 15:20:14,28.0,1.0
1971,Out Of Touch (Madison Mars Edit),Madison Mars & 71 Digits,Out Of Touch (Madison Mars Edit) - Single,Dance,182000,2024-09-17 23:42:23,27.0,3.0
1973,Tonat,Yll Limani & Ledri Vula,Tonat - Single,Pop,155500,2024-09-17 16:36:44,40.0,3.0
1975,Kush?,Butrint Imeri,Kush? - Single,R&B/Soul,205120,2024-09-19 11:09:42,25.0,7.0
1977,Krejt ti fala,Majk & Yll Limani,Krejt ti fala - Single,Latin,205429,2024-09-19 11:16:58,34.0,5.0
1979,Alibi,"Sevdaliza, Pabllo Vittar & Yseult",Alibi - Single,Urbano latino,161656,2024-09-22 13:58:27,56.0,2.0
1981,Taras Stanin - Go F Yourself (Two Feet Cover),Taras Stanin,,,137808,2024-09-23 11:53:50,21.0,10.0
1983,I don’t wanna know #beatbox,Taras Stanin,,,126240,2024-09-23 12:02:53,38.0,7.0
1985,Taras Stanin | The Hills (The Weeknd Beatbox Cover),Taras Stanin,,,153024,2024-09-23 12:02:53,29.0,9.0
1987,BIGMAN l Confused,Bigman,,,144192,2024-09-23 12:02:53,37.0,10.0
1989,Sickick - I Can Feel It (Michael Jackson x Phil Collins Remix),,,,261000,2024-09-23 21:02:53,22.0,8.0
1991,Dancing In The Flames,The Weeknd,Dancing In The Flames - Single,R&B/Soul,220037,2024-10-15 15:48:10,50.0,1.0
1993,M'fal,DON XHONI,M'fal - Single,Hip-Hop/Rap,147625,2024-10-15 15:49:45,45.0,2.0
1995,Kokaina,DON XHONI,Kokaina - Single,Hip-Hop/Rap,157241,2024-10-27 14:31:14,18.0,3.0
1997,Locked Out of Heaven,Bruno Mars,Unorthodox Jukebox,Pop,233478,2024-11-02 22:27:18,12.0,4.0
1999,Apocalypse,Cigarettes After Sex,Cigarettes After Sex,Alternative,290147,2024-11-07 20:13:14,8.0,3.0
2001,Dilbara,Abhijeet & Sowmya Raoh,Dhoom (Original Motion Picture Soundtrack),Bollywood,273000,2024-11-11 19:33:52,8.0,7.0
2003,Hung Up,Madonna,Spring Break 101,Pop,337663,2024-11-13 05:06:14,6.0,7.0
2005,Vip Zona,2Ton,Vip Zona - Single,Hip-Hop/Rap,194897,2024-11-14 07:25:00,29.0,4.0
2007,Feeling For You,Milky Chance,Living in a Haze,Alternative,221560,2024-11-14 07:28:26,44.0,
2009,Heart Beating Hard,Andrea & Sergio,Heart Beating Hard (Radio Edit) - Single,Dance,263529,2024-11-14 13:03:10,34.0,4.0
2011,Hookah,Capital T,Hookah - Single,Hip-Hop/Rap,175074,2024-11-21 09:55:12,53.0,3.0
2013,SI ERA,2Ton,PASSION,Rap,142745,2024-11-23 07:20:43,26.0,2.0
2015,did i tell u that i miss u,adore,did i tell u that i miss u,Pop,115921,2024-12-14 07:52:02,32.0,3.0
2017,Roi (Instrumental),Mckyyy,Roi - Single,Alternative,83333,2024-12-20 12:31:02,35.0,2.0
2019,Roi (Instrumental Slowed),Mckyyy,Roi - Single,Alternative,92589,2024-12-20 12:31:11,41.0,3.0
2021,Yellow,Coldplay,Parachutes,Alternative,269208,2024-12-24 22:21:56,23.0,1.0
2023,The Sound of Silence,Disturbed,Immortalized (Deluxe Edition),Hard Rock,248487,2024-12-31 11:51:20,28.0,3.0
2025,Shake That (feat. Nate Dogg),Eminem,Curtain Call: The Hits,Hip-Hop/Rap,274440,2024-12-31 12:15:48,15.0,1.0
2027,Chasing Cars,Snow Patrol,Eyes Open,Alternative,267960,2025-01-02 12:51:31,9.0,3.0
2029,APT.,ROSÉ & Bruno Mars,APT. - Single,Pop,169917,2025-01-02 12:56:49,16.0,3.0
2031,Stuck on You,Eddie Lovette,"The Best Reggae Hits, Vol. 1",Reggae,213133,2025-01-02 13:03:23,8.0,7.0
2033,Fast Car,Tracy Chapman,Tracy Chapman,Singer/Songwriter,296800,2025-01-02 13:05:57,10.0,3.0
2035,Love Somebody,Morgan Wallen,Love Somebody - Single,Country,204829,2025-01-10 10:42:55,28.0,3.0
2037,Përgjithmonë,Majk & Bardhi,Përgjithmonë - Single,Pop,184806,2025-01-14 08:56:18,15.0,2.0
2039,Plaas Dorp Toe,Chris Steyn,Plaas Dorp Toe - Single,Afrikaans,198500,2025-01-19 13:02:29,7.0,2.0
2041,"Stop, wag, bly nog 'n Bietjie",Brendan Peyper,Stop Wag Bly Nog 'n Bietjie,Pop,219253,2025-01-19 13:02:45,11.0,2.0
2043,Chasing Love,J.Matthews,Chasing Love - Single,Pop,191461,2025-01-19 23:28:02,19.0,
2045,17 Shots,Christia Visser,17 Shots - Single,Afrikaans,213040,2025-01-19 23:43:18,17.0,1.0
2047,I Like the Way (Radio Edit),Bodyrockers,Bodyrockers,Dance,200053,2025-01-21 08:57:47,7.0,2.0
2049,Infinity 2008 (Klaas Vocal Edit),Guru Josh Project,Infinity 2008 (Remixes) - Single,Dance,192294,2025-01-21 08:59:33,11.0,2.0
2051,Under the Bridge,Red Hot Chili Peppers,Greatest Hits,Alternative,273657,2025-01-21 09:12:06,11.0,
2053,Ek Sal As Jy Sal,Christia Visser,Ek Sal As Jy Sal - Single,Afrikaans,204496,2025-01-21 12:00:12,21.0,1.0
2055,La,DYSTINCT,LAYALI,Hip-Hop/Rap,148328,2025-01-24 21:15:34,21.0,1.0
2057,LI Galou,Oualid,Nafsi (Pt. II),Pop,165205,2025-01-27 22:36:18,11.0,1.0
2059,Si Ai (Marshmello & UKAY Remix),Tayna,Si Ai (Marshmello & UKAY Remix) - Single,House,184000,2025-01-27 22:36:57,15.0,1.0
2061,Jena Mbreter 2,Noizy,ALPHA,Hip-Hop/Rap,265733,2025-01-27 22:37:03,17.0,4.0
2063,Girls Go Wild,LP,Heart to Mouth,Alternative,223427,2025-01-28 10:35:05,13.0,4.0
2065,Ma Meilleure Ennemie (from the series Arcane League of Legends),Stromae & Pomme,Arcane League of Legends: Season 2 (Soundtrack from the Animated Series),Pop,147973,2025-01-29 04:58:18,30.0,2.0
2067,Fantastic (from the series Arcane League of Legends),"King Princess, Arcane & League of Legends Music",Arcane League of Legends: Season 2 (Soundtrack from the Animated Series),Pop,184960,2025-01-31 12:14:11,38.0,2.0
2069,Sucker (from the series Arcane League of Legends),"Marcus King, Arcane & League of Legends Music",Arcane League of Legends: Season 2 (Soundtrack from the Animated Series),Pop,224293,2025-01-31 13:07:20,13.0,3.0
2071,To Ashes and Blood (from the series Arcane League of Legends),"Woodkid, Arcane & League of Legends Music",Arcane League of Legends: Season 2 (Soundtrack from the Animated Series),Pop,245627,2025-01-31 13:10:10,16.0,3.0
2073,Kids,MGMT,Oracular Spectacular,Alternative,302840,2025-02-06 11:31:16,12.0,2.0
2075,Kiss The Sky,G-Eazy,Kiss The Sky - Single,Rap,202087,2025-02-08 10:20:49,30.0,2.0
2077,I Hate Everything About You,Three Days Grace,Three Days Grace,Hard Rock,231411,2025-02-16 20:47:20,27.0,
2079,Cry For Me,The Weeknd,Hurry Up Tomorrow,R&B/Soul,224137,2025-02-17 11:15:03,27.0,2.0
2081,Open Hearts,The Weeknd,Hurry Up Tomorrow,R&B/Soul,234924,2025-02-17 11:28:06,38.0,1.0
2083,Måneskin - Beggin'  Taras Stanin (beatbox cover),,,,149890,2025-02-19 12:12:40,40.0,
2086,Dopamine,WING,Dopamine - Single,Electronica,128551,2025-02-19 12:18:17,39.0,1.0
2088,rihanna - we found love [slowed & reverb],,,,246880,2025-02-19 21:27:39,,
2090,Tell Me Why (Maddix Remix),Supermode & Maddix,Tell Me Why (Maddix Remix) - Single,Dance,191200,2025-02-19 12:28:17,32.0,
2092,I Like To Move It (Reel 2 Real) X Temperature (Sean Paul) Mashup Remix,Sir Draco,I Like To Move It (Reel 2 Real) X Temperature (Sean Paul) Mashup Remix,Music,182517,2025-02-19 12:30:54,34.0,
2095,rihanna - we found love [slowed & reverb],junji,rihanna - we found love [slowed & reverb],Music,246987,2025-02-19 12:32:28,36.0,1.0
2098,the weeknd - save your tears [slowed & reverb],,,,246936,2025-02-19 12:46:06,24.0,5.0
2101,My Way,Calvin Harris,My Way - Single,Dance,219160,2025-02-22 09:22:43,9.0,3.0
2103,Beggin (original Version),Madcon,So Dark the Con of Man,Hip-Hop/Rap,216147,2025-02-23 00:04:23,5.0,5.0
2105,Corazón Sin Cara,Prince Royce,Prince Royce,Música tropical,211453,2025-03-04 08:34:42,10.0,4.0
2107,You (feat. Lil Wayne),Lloyd featuring Lil Wayne,Street Love,R&B/Soul,273133,2025-03-07 20:05:06,10.0,6.0
2109,"Relax, Take It Easy",MIKA,Life In Cartoon Motion,Pop,270000,2025-03-22 15:38:47,7.0,
2111,Pretoria Girls,Desmond and the Tutus,"Rocktober (The Best South African Rock Hits of All Time), Vol. 2",Rock,251187,2025-03-23 10:35:40,15.0,1.0
2113,BIRDS OF A FEATHER,Billie Eilish,HIT ME HARD AND SOFT,Alternative,210373,2025-03-26 18:44:16,10.0,
2115,MUTT (CB REMIX),Leon Thomas & Chris Brown,MUTT (CB REMIX) - Single,R&B/Soul,199786,2025-03-26 18:45:05,12.0,
2117,Ordinary,Alex Warren,Ordinary - Single,Pop,186964,2025-03-26 19:01:02,5.0,4.0
2119,"Good Luck, Babe!",Chappell Roan,"Good Luck, Babe! - Single",Pop,218424,2025-03-26 19:15:24,6.0,4.0
2121,Taste,Sabrina Carpenter,Short n' Sweet,Pop,157280,2025-03-26 19:20:01,13.0,3.0
2123,Recházame,Prince Royce,Prince Royce,Música tropical,223200,2025-03-26 19:39:42,19.0,1.0
2125,Mr. Brightside,The Killers,Hot Fuss,Rock,222973,2025-04-03 14:37:30,9.0,1.0
2127,Return of the Mack,Mark Morrison,Return of the Mack,Pop,213093,2025-04-03 20:04:46,10.0,3.0
2129,Messy,Lola Young,This Wasn't Meant For You Anyway,Alternative,284067,2025-04-04 20:48:16,8.0,4.0
2131,Xhelozia,Mozzik,Best Of,Hip-Hop/Rap,237202,,,
2133,Marr,Majk & Ledri Vula,Marr - Single,Pop,222006,,,
2135,Sadqay,"Aashir Wajahat, Nayel & Nehaal Naseem",Sadqay - Single,Pop,154455,2025-04-09 17:45:35,21.0,1.0
2137,Timeless,The Weeknd & Playboi Carti,Timeless - Single,R&B/Soul,256000,2025-04-15 10:50:20,12.0,
2139,Si Ai,Tayna,Si Ai - Single,Pop,166000,2025-04-18 07:12:47,9.0,1.0
2141,Ocean Drive,Duke Dumont,Ocean Drive - Single,Electronic,206320,2025-04-18 20:22:00,3.0,5.0
2143,Bella,Butrint Imeri,Bella - Single,R&B/Soul,185216,2025-04-18 21:10:56,7.0,1.0
2145,Lej kto rrena,Butrint Imeri,Lej kto rrena - Single,R&B/Soul,165001,2025-04-18 21:11:11,8.0,1.0
2147,NO LOVE,Ledri Vula & Elvana Gjata,NO LOVE - Single,Pop,172075,2025-04-19 17:17:15,13.0,
2149,Katile,Majk,Katile - Single,Pop,188572,2025-04-20 16:35:03,7.0,
2151,Nentori (Bess Radio Mix),Arilena Ara,Nentori (Bess Radio Mix) - Single,Dance,175173,2025-04-20 16:40:40,8.0,
